"","Training data","","Test data","","","Training data","","Test data",""
"NE types","","","","","NE types","","","",""
"","First-
level","Nested-
level","First-
level","Nested-
level","","First-
level","Nested- 
level","First-
level","Nested 
Level"
"","","","","","","","","",""
"","","","","","","","","",""
"ADDRESS","85","6","17","6","ORGANIZATION
-MED","171","","82","61"
"DATETIME","3223","112","816","7","ORGANIZATION
-","1492","505","372","45"
"","","","","","SPORTS","","","",""
"DATETIME-
DATE","2224","14","824","6","ORGANIZATION
-STOCK","16","0","35","2"
"DATETIME- 
DATERANGE","310","97","46","","102  PERSON","15076","-20","2719","10"
"DATETIME-
DURATION","1065","274","193","","306  PERSONTYPE","4680","300","704","129"
"DATETIME-SET","34","10","2","","2  PHONENUMBER","282","0","10","0"
"DATETIME-
TIME","344","52","35","","31  PRODUCT","2439","58","417","64"
"DATETIME-
TIMERANGE","187","168","13","124","PRODUCT-
AWARD","1266","6","155","8"
"EMAIL","75","1","2","","0  PRODUCT-COM","35","0","55","31"
"EVENT","366","170","124","66","PRODUCT-
LEGAL","283","22","142","33"
"EVENT-CUL","293","47","14","","3  QUANTITY","3728","114","104","59"
"EVENT-
GAMESHOW","379","42","54","","3  QUANTITY-AGE","338","183","16","246"
"EVENT-
NATURAL","165","0","7","","2  QUANTITY-CUR","990","206","157","347"
"EVENT-SPORT","324","248","89","","65  QUANTITY-DIM","408","131","146","153"
"IP","117","0","15","0","QUANTITY-
NUM","6075","3","3479","2"
"LOCATION","7451","23","531","","29  QUANTITY-ORD","937","0","486","36"
"LOCATION-GEO","453","5","138","","2  QUANTITY-PER","979","34","359","11"
"LOCATION-GPE","9799","71","3096","","22  QUANTITY-TEM","83","7","1","10"
"LOCATION-
STRUC","641","78","140","","9  SKILL","40","2","1","1"
"MISCELLANEO
US","662","4","0","","0  URL","317","3","9","0"
"ORGANIZATION","8329","1921","1452","","448  Overall","76161","5012","17057","2481"
