"N
o","Category","Description","Example"
"1","Person","Names of people","Ông Mạnh là giảng viên trường Đại 
học Khoa học Tự nhiên."
"2","PersonType","Job types or roles held by a 
person","Ông Mạnh là giảng viên trường Đại 
học Khoa học Tự nhiên."
"3","Location","Natural and human made 
landmarks, structures, 
Geographical features,and 
geopolitical entities","Hôm nay, tôi lên Hà Nội làm hồ sơ 
nhập học."
"4","Organization","Companies, political 
groups, musical bands, 
sport clubs, government 
bodies,  and public 
organizations.","Ông Mạnh là giảng viên trường Đại 
học Khoa học Tự nhiên."
"5","Event","Historical, social, and  
naturally occurring events.","Chiến dịch Điện Biên Phủ diễn ra tại lòng 
chảo Mường Thanh, Điện Biên, Lai Châu."
"6","Product","Physical objects of  
various categories.","Tôi mới được ba mua cho một chiếc điện 
thoại Iphone XS Max."
"7","Skill","A capability, skill, or 
expertise","Anh ta rất thông thạo tiếng Pháp."
"8","Address","Full mailing addresses.","Nếu có thắc mắc, hãy liên lạc với tôi 
qua địa chỉ: Hà Lan, Số nhà 34, Ngõ 
75, Thanh Xuân, Hà Nội. Hoặc gửi thư qua 
địa chỉ email: 
halan@gmail.com, 
số điện thoại: 
03476229456."
"9","Phone 
number","Phone numbers.","Nếu có thắc mắc, hãy liên lạc với tôi qua 
địa chỉ: Hà Lan, Số nhà 34, Ngõ 75, Thanh 
Xuân, Hà Nội.  
Hoặc gửi thư qua địa chỉ email: 
alan@gmail.com,số điện thoại: 
03476229456."
"10","Email","Email addresses.","Nếu có thắc mắc, hãy liên lạc với tôi 
qua địa chỉ: Hà Lan, Số nhà 34, Ngõ 
75, Thanh Xuân, Hà Nội. Hoặc gửi thư qua 
địa chỉ email: 
halan@gmail.com,  số  điện  thoại: 
03476229456."
"11","URL","URLs to websites.","Mọi dữ liệu được lấy từ trang web: 
https://vnexpress.net/."
"12","IP","Network IP addresses","Bước 1: Truy cập vào máy chủ theo 
địa chỉ IP: 192.168.10.3. Sau đó đăng nhập 
và làm bài tập."
"13","DateTime","Dates and times of day","Hôm nay, tôi lên Hà Nội làm hồ sơ 
nhập học."
"14","Quantity","Numerical measurements   
and","Lớp tôi có 23 bạn nam và 25 bạn nữ"
